-- phpMyAdmin SQL Dump
-- version 5.2.0
-- https://www.phpmyadmin.net/
--
-- Host: localhost:3306
-- Generation Time: Mar 06, 2024 at 05:40 AM
-- Server version: 8.0.36
-- PHP Version: 8.3.3

SET SQL_MODE = "NO_AUTO_VALUE_ON_ZERO";
START TRANSACTION;
SET time_zone = "+00:00";


/*!40101 SET @OLD_CHARACTER_SET_CLIENT=@@CHARACTER_SET_CLIENT */;
/*!40101 SET @OLD_CHARACTER_SET_RESULTS=@@CHARACTER_SET_RESULTS */;
/*!40101 SET @OLD_COLLATION_CONNECTION=@@COLLATION_CONNECTION */;
/*!40101 SET NAMES utf8mb4 */;

--
-- Database: `sampledata`
--

-- --------------------------------------------------------

--
-- Table structure for table `area`
--

CREATE TABLE `area` (
  `id` int NOT NULL,
  `name` varchar(200) COLLATE utf8mb4_unicode_ci NOT NULL
) ENGINE=InnoDB DEFAULT CHARSET=utf8mb4 COLLATE=utf8mb4_unicode_ci;

--
-- Dumping data for table `area`
--

INSERT INTO `area` (`id`, `name`) VALUES
(1, 'area 1'),
(2, 'area 2'),
(3, 'area 3'),
(4, 'area 4'),
(5, 'area 5'),
(6, 'area 6'),
(7, 'area 7');

-- --------------------------------------------------------

--
-- Table structure for table `category`
--

CREATE TABLE `category` (
  `id` int NOT NULL,
  `name` varchar(100) COLLATE utf8mb4_unicode_ci NOT NULL
) ENGINE=InnoDB DEFAULT CHARSET=utf8mb4 COLLATE=utf8mb4_unicode_ci;

--
-- Dumping data for table `category`
--

INSERT INTO `category` (`id`, `name`) VALUES
(1, 'Category 1'),
(2, 'Category 2'),
(3, 'Category 3'),
(4, 'Category 4');

-- --------------------------------------------------------

--
-- Table structure for table `customer`
--

CREATE TABLE `customer` (
  `id` int NOT NULL,
  `area_id` int NOT NULL,
  `name` varchar(100) COLLATE utf8mb4_unicode_ci NOT NULL,
  `email` varchar(100) COLLATE utf8mb4_unicode_ci NOT NULL,
  `password` varchar(200) COLLATE utf8mb4_unicode_ci NOT NULL
) ENGINE=InnoDB DEFAULT CHARSET=utf8mb4 COLLATE=utf8mb4_unicode_ci;

--
-- Dumping data for table `customer`
--

INSERT INTO `customer` (`id`, `area_id`, `name`, `email`, `password`) VALUES
(8, 4, 'User3', 'user3@example.com', '$2y$10$/OTZjilWAFUW.6QPcdJMj.v9OZ4ofMYSXMKzhZdn2.Lv15uitZ2FG'),
(9, 3, 'User4', 'user4@example.com', '$2y$10$IZgE7eONbbue.Cb9ViVGXeiKfqAsxDAbujslW6F.VFicWRvEPgnMK'),
(10, 6, 'User5', 'user5@example.com', '$2y$10$3Vwv./TuTXnOUIw8wOMVDOPViKfoy6eQ3xyrxsFGIk9IUFp8No5xS'),
(11, 1, 'User6', 'user6@example.com', '$2y$10$IPXmoRZPYM28BGI92TNit.XStyHPcKFbGyeqzmmID7l12DzOIwnFq'),
(12, 6, 'User7', 'user7@example.com', '$2y$10$SMGg9us4m2b3GHWstn7L3uqkEzjzZ4CVuCAy9wBAbDxrdS499Diri'),
(13, 7, 'User8', 'user8@example.com', '$2y$10$dRcaU7DUpxhKJ0iCjaCXqemjSCbwecABF1hhI5gb.dBBCn/8tQCAC'),
(14, 4, 'User9', 'user9@example.com', '$2y$10$UTLCtdEdLbsxF5Wp4nM0uejIUpULSf7IsWMrbnYaqd2LF3xSFtnRG'),
(15, 2, 'User10', 'user10@example.com', '$2y$10$rNrEeLEXHT.pcgQ.itd.cuz/URyOO8j1mfQUVnaIrwDGWmBD6Np4W'),
(16, 7, 'User11', 'user11@example.com', '$2y$10$VxHNua0UjFHc4J7v9HW2a.xGTqZUvgVA5zhoO.uhn471LRwSaS/iO'),
(17, 4, 'User12', 'user12@example.com', '$2y$10$fEeBHYG51wSzOamHtTnqUeJehv0REMH3fpelsupfaItBqqOmFePHC'),
(18, 4, 'User12', 'user12@example.com', '$2y$10$fEeBHYG51wSzOamHtTnqUeJehv0REMH3fpelsupfaItBqqOmFePHC');

-- --------------------------------------------------------

--
-- Table structure for table `orders`
--

CREATE TABLE `orders` (
  `id` int NOT NULL,
  `product_id` int DEFAULT NULL,
  `cust_id` int NOT NULL,
  `order_num` varchar(50) COLLATE utf8mb4_unicode_ci NOT NULL,
  `qty` int DEFAULT NULL
) ENGINE=InnoDB DEFAULT CHARSET=utf8mb4 COLLATE=utf8mb4_unicode_ci;

--
-- Dumping data for table `orders`
--

INSERT INTO `orders` (`id`, `product_id`, `cust_id`, `order_num`, `qty`) VALUES
(608, 19, 2, '3185', 12),
(609, 36, 7, '3301', 32),
(610, 8, 8, '4367', 10),
(611, 41, 7, '4148', 24),
(612, 24, 5, '4677', 15),
(613, 14, 9, '3640', 10),
(614, 23, 5, '3832', 23),
(615, 26, 5, '4088', 32),
(616, 47, 0, '3139', 15),
(617, 13, 1, '3089', 43),
(618, 26, 8, '4142', 8),
(619, 1, 6, '4483', 5),
(620, 35, 5, '3363', 42),
(621, 38, 0, '4402', 23),
(622, 23, 3, '3770', 48),
(623, 9, 0, '3674', 33),
(624, 13, 5, '3982', 24),
(625, 13, 9, '3100', 9),
(626, 8, 2, '4881', 48),
(627, 13, 7, '3785', 35),
(628, 35, 10, '3368', 23),
(629, 30, 5, '4995', 47),
(630, 17, 3, '4137', 12),
(631, 50, 6, '3520', 22),
(632, 25, 8, '3877', 15),
(633, 36, 2, '3415', 9),
(634, 21, 1, '3247', 32),
(635, 31, 6, '3399', 42),
(636, 25, 1, '4675', 2),
(637, 12, 2, '4496', 5),
(638, 44, 10, '3155', 5),
(639, 22, 3, '4027', 10),
(640, 6, 7, '4826', 48),
(641, 1, 10, '3877', 16),
(642, 44, 3, '3912', 16),
(643, 9, 3, '3247', 4),
(644, 0, 5, '4945', 41),
(645, 46, 9, '3275', 28),
(646, 35, 2, '3144', 13),
(647, 50, 1, '3076', 20),
(648, 4, 3, '3127', 12),
(649, 0, 5, '3605', 1),
(650, 5, 5, '3555', 11),
(651, 32, 10, '4833', 50),
(652, 19, 9, '3332', 11),
(653, 23, 6, '3608', 2),
(654, 28, 5, '3985', 48),
(655, 3, 7, '3697', 6),
(656, 5, 0, '4358', 14),
(657, 30, 4, '3091', 3),
(658, 10, 1, '4062', 11),
(659, 31, 10, '3938', 21),
(660, 16, 4, '4992', 26),
(661, 12, 6, '4777', 22),
(662, 44, 1, '4599', 26),
(663, 1, 9, '4900', 47),
(664, 40, 9, '3639', 50),
(665, 48, 9, '3373', 26),
(666, 16, 7, '3877', 43),
(667, 50, 7, '3029', 39),
(668, 8, 9, '3465', 7),
(669, 12, 0, '3786', 47),
(670, 0, 2, '3449', 11),
(671, 48, 0, '4494', 28),
(672, 48, 6, '3511', 43),
(673, 16, 5, '4183', 49),
(674, 36, 5, '4719', 37),
(675, 0, 2, '3609', 17),
(676, 17, 2, '4652', 47),
(677, 17, 0, '4279', 31),
(678, 16, 8, '4692', 35),
(679, 21, 3, '3231', 25),
(680, 2, 1, '4055', 20),
(681, 17, 5, '3890', 49),
(682, 33, 2, '4390', 22),
(683, 13, 8, '4674', 25),
(684, 49, 7, '4602', 15),
(685, 46, 5, '3578', 3),
(686, 23, 10, '3987', 42),
(687, 46, 7, '3894', 17),
(688, 5, 10, '3395', 12),
(689, 8, 9, '4595', 28),
(690, 11, 9, '3616', 22),
(691, 41, 2, '4124', 42),
(692, 17, 7, '3917', 38),
(693, 1, 0, '3644', 20),
(694, 46, 5, '4781', 24),
(695, 13, 6, '4509', 26),
(696, 12, 2, '4214', 7),
(697, 34, 3, '3197', 6),
(698, 3, 8, '3580', 41),
(699, 35, 0, '3691', 49),
(700, 28, 10, '3273', 8),
(701, 47, 5, '3020', 29),
(702, 4, 7, '4203', 32),
(703, 32, 4, '3686', 14),
(704, 44, 8, '4356', 37),
(705, 23, 2, '4742', 40),
(706, 28, 5, '4811', 14),
(707, 33, 10, '4557', 45),
(708, 45, 7, '3393', 15),
(709, 48, 10, '4915', 23),
(710, 32, 0, '3700', 43),
(711, 17, 9, '4033', 43),
(712, 13, 0, '3427', 6),
(713, 21, 2, '4434', 42),
(714, 8, 0, '3567', 14),
(715, 18, 8, '3802', 36),
(716, 28, 8, '3139', 13),
(717, 23, 2, '4634', 43),
(718, 7, 0, '3739', 26),
(719, 13, 6, '3886', 41),
(720, 21, 7, '4073', 42),
(721, 19, 8, '3352', 19),
(722, 42, 4, '4696', 1),
(723, 29, 9, '4945', 23),
(724, 10, 8, '4160', 19),
(725, 44, 5, '4689', 28),
(726, 36, 10, '3613', 27),
(727, 19, 2, '4988', 24),
(728, 10, 6, '3086', 47),
(729, 9, 3, '4702', 11),
(730, 11, 2, '3284', 12),
(731, 4, 4, '3865', 36),
(732, 49, 9, '4837', 28),
(733, 39, 0, '3901', 43),
(734, 44, 7, '3960', 11),
(735, 44, 7, '4752', 25),
(736, 8, 0, '4313', 5),
(737, 12, 7, '3668', 21),
(738, 1, 9, '4675', 43),
(739, 47, 1, '3819', 2),
(740, 45, 1, '3070', 45),
(741, 45, 5, '4518', 1),
(742, 49, 6, '3805', 28),
(743, 29, 1, '4229', 44),
(744, 24, 3, '3810', 26),
(745, 0, 10, '4081', 22),
(746, 37, 6, '4441', 50),
(747, 6, 1, '3601', 27),
(748, 42, 5, '4395', 16),
(749, 28, 5, '4389', 12),
(750, 9, 7, '3923', 19),
(751, 37, 1, '4851', 33),
(752, 27, 0, '4380', 29),
(753, 27, 10, '4840', 7),
(754, 17, 9, '3061', 19),
(755, 26, 6, '4547', 47),
(756, 3, 2, '3016', 44),
(757, 27, 5, '4489', 2),
(758, 16, 6, '3184', 50),
(759, 30, 9, '3922', 23),
(760, 0, 9, '4273', 9),
(761, 30, 8, '3707', 19),
(762, 38, 8, '3147', 8),
(763, 6, 9, '4065', 37),
(764, 12, 9, '3332', 13),
(765, 13, 7, '4545', 47),
(766, 36, 9, '4870', 10),
(767, 32, 10, '3188', 10),
(768, 32, 5, '3302', 20),
(769, 26, 0, '4372', 22),
(770, 14, 6, '3386', 48),
(771, 31, 9, '3657', 43),
(772, 34, 4, '3598', 9),
(773, 21, 0, '3564', 34),
(774, 9, 5, '4717', 46),
(775, 28, 3, '4673', 36),
(776, 46, 3, '3981', 16),
(777, 31, 1, '3591', 5),
(778, 22, 7, '4855', 18),
(779, 37, 4, '3822', 14),
(780, 31, 4, '4730', 29),
(781, 6, 3, '3553', 18),
(782, 14, 1, '4949', 14),
(783, 37, 4, '4955', 4),
(784, 8, 0, '3142', 23),
(785, 17, 5, '3141', 16),
(786, 43, 10, '3728', 17),
(787, 0, 10, '4475', 30),
(788, 44, 10, '3770', 47),
(789, 49, 5, '3043', 4),
(790, 38, 9, '3334', 32),
(791, 40, 10, '4470', 25),
(792, 19, 10, '4169', 19),
(793, 16, 10, '3946', 18),
(794, 33, 8, '3035', 8),
(795, 0, 0, '4393', 1),
(796, 20, 2, '3716', 21),
(797, 24, 3, '3163', 21),
(798, 30, 8, '4759', 17),
(799, 31, 3, '3367', 44),
(800, 34, 8, '4877', 37),
(801, 50, 5, '3067', 38),
(802, 30, 6, '3889', 7),
(803, 23, 7, '3094', 19),
(804, 24, 10, '3219', 46),
(805, 5, 7, '3473', 32),
(806, 24, 3, '4424', 38),
(807, 24, 3, '4424', 38);

-- --------------------------------------------------------

--
-- Table structure for table `order_detail`
--

CREATE TABLE `order_detail` (
  `id` int NOT NULL,
  `order_id` int DEFAULT NULL,
  `area_id` int DEFAULT NULL,
  `status_id` int DEFAULT NULL,
  `order_date` timestamp NULL DEFAULT NULL,
  `approve_date` timestamp NULL DEFAULT NULL,
  `shipping_date` timestamp NULL DEFAULT NULL,
  `delivery_date` timestamp NULL DEFAULT NULL,
  `total_price` double DEFAULT NULL
) ENGINE=InnoDB DEFAULT CHARSET=utf8mb4 COLLATE=utf8mb4_unicode_ci;

--
-- Dumping data for table `order_detail`
--

INSERT INTO `order_detail` (`id`, `order_id`, `area_id`, `status_id`, `order_date`, `approve_date`, `shipping_date`, `delivery_date`, `total_price`) VALUES
(1, 57, 6, 0, '2009-12-29 03:01:21', '2009-12-29 03:01:21', '2009-12-29 03:01:21', '2009-12-29 03:01:21', NULL),
(2, 2, 5, 2, '2009-12-29 03:01:21', '2009-12-29 03:01:21', '2009-12-29 03:01:21', '2009-12-29 03:01:21', NULL),
(3, 199, 0, 2, '2009-12-29 03:01:21', '2009-12-29 03:01:21', '2009-12-29 03:01:21', '2009-12-29 03:01:21', NULL),
(4, 193, 6, 3, '2009-12-29 03:01:21', '2009-12-29 03:01:21', '2009-12-29 03:01:21', '2009-12-29 03:01:21', NULL),
(5, 49, 5, 0, '2009-12-29 03:01:21', '2009-12-29 03:01:21', '2009-12-29 03:01:21', '2009-12-29 03:01:21', NULL),
(6, 193, 4, 0, '2009-12-29 03:01:21', '2009-12-29 03:01:21', '2009-12-29 03:01:21', '2009-12-29 03:01:21', NULL),
(7, 128, 1, 4, '2009-12-29 03:01:21', '2009-12-29 03:01:21', '2009-12-29 03:01:21', '2009-12-29 03:01:21', NULL),
(8, 61, 6, 1, '2009-12-29 03:01:21', '2009-12-29 03:01:21', '2009-12-29 03:01:21', '2009-12-29 03:01:21', NULL),
(9, 5, 3, 4, '2009-12-29 03:01:21', '2009-12-29 03:01:21', '2009-12-29 03:01:21', '2009-12-29 03:01:21', NULL),
(10, 46, 6, 0, '2009-12-29 03:01:21', '2009-12-29 03:01:21', '2009-12-29 03:01:21', '2009-12-29 03:01:21', NULL),
(11, 81, 3, 3, '2009-12-29 03:01:21', '2009-12-29 03:01:21', '2009-12-29 03:01:21', '2009-12-29 03:01:21', NULL),
(12, 100, 4, 3, '2009-12-29 03:01:21', '2009-12-29 03:01:21', '2009-12-29 03:01:21', '2009-12-29 03:01:21', NULL),
(13, 122, 2, 2, '2009-12-29 03:01:21', '2009-12-29 03:01:21', '2009-12-29 03:01:21', '2009-12-29 03:01:21', NULL),
(14, 118, 2, 4, '2009-12-29 03:01:21', '2009-12-29 03:01:21', '2009-12-29 03:01:21', '2009-12-29 03:01:21', NULL),
(15, 163, 1, 4, '2009-12-29 03:01:21', '2009-12-29 03:01:21', '2009-12-29 03:01:21', '2009-12-29 03:01:21', NULL),
(16, 190, 2, 3, '2009-12-29 03:01:21', '2009-12-29 03:01:21', '2009-12-29 03:01:21', '2009-12-29 03:01:21', NULL),
(17, 4, 6, 4, '2009-12-29 03:01:21', '2009-12-29 03:01:21', '2009-12-29 03:01:21', '2009-12-29 03:01:21', NULL),
(18, 142, 1, 4, '2009-12-29 03:01:21', '2009-12-29 03:01:21', '2009-12-29 03:01:21', '2009-12-29 03:01:21', NULL),
(19, 25, 5, 0, '2009-12-29 03:01:21', '2009-12-29 03:01:21', '2009-12-29 03:01:21', '2009-12-29 03:01:21', NULL),
(20, 59, 1, 1, '2009-12-29 03:01:21', '2009-12-29 03:01:21', '2009-12-29 03:01:21', '2009-12-29 03:01:21', NULL),
(21, 195, 3, 3, '2009-12-29 03:01:21', '2009-12-29 03:01:21', '2009-12-29 03:01:21', '2009-12-29 03:01:21', NULL),
(22, 25, 3, 1, '2009-12-29 03:01:21', '2009-12-29 03:01:21', '2009-12-29 03:01:21', '2009-12-29 03:01:21', NULL),
(23, 169, 6, 4, '2009-12-29 03:01:21', '2009-12-29 03:01:21', '2009-12-29 03:01:21', '2009-12-29 03:01:21', NULL),
(24, 146, 2, 0, '2009-12-29 03:01:21', '2009-12-29 03:01:21', '2009-12-29 03:01:21', '2009-12-29 03:01:21', NULL),
(25, 86, 0, 4, '2009-12-29 03:01:21', '2009-12-29 03:01:21', '2009-12-29 03:01:21', '2009-12-29 03:01:21', NULL),
(26, 165, 0, 0, '2009-12-29 03:01:21', '2009-12-29 03:01:21', '2009-12-29 03:01:21', '2009-12-29 03:01:21', NULL),
(27, 16, 4, 1, '2009-12-29 03:01:21', '2009-12-29 03:01:21', '2009-12-29 03:01:21', '2009-12-29 03:01:21', NULL),
(28, 20, 6, 3, '2009-12-29 03:01:21', '2009-12-29 03:01:21', '2009-12-29 03:01:21', '2009-12-29 03:01:21', NULL),
(29, 135, 4, 0, '2009-12-29 03:01:21', '2009-12-29 03:01:21', '2009-12-29 03:01:21', '2009-12-29 03:01:21', NULL),
(30, 191, 6, 1, '2009-12-29 03:01:21', '2009-12-29 03:01:21', '2009-12-29 03:01:21', '2009-12-29 03:01:21', NULL),
(31, 150, 3, 1, '2009-12-29 03:01:21', '2009-12-29 03:01:21', '2009-12-29 03:01:21', '2009-12-29 03:01:21', NULL),
(32, 134, 5, 3, '2009-12-29 03:01:21', '2009-12-29 03:01:21', '2009-12-29 03:01:21', '2009-12-29 03:01:21', NULL),
(33, 44, 2, 4, '2009-12-29 03:01:21', '2009-12-29 03:01:21', '2009-12-29 03:01:21', '2009-12-29 03:01:21', NULL),
(34, 97, 4, 1, '2009-12-29 03:01:21', '2009-12-29 03:01:21', '2009-12-29 03:01:21', '2009-12-29 03:01:21', NULL),
(35, 83, 3, 1, '2009-12-29 03:01:21', '2009-12-29 03:01:21', '2009-12-29 03:01:21', '2009-12-29 03:01:21', NULL),
(36, 78, 6, 4, '2009-12-29 03:01:21', '2009-12-29 03:01:21', '2009-12-29 03:01:21', '2009-12-29 03:01:21', NULL),
(37, 123, 4, 1, '2009-12-29 03:01:21', '2009-12-29 03:01:21', '2009-12-29 03:01:21', '2009-12-29 03:01:21', NULL),
(38, 121, 0, 2, '2009-12-29 03:01:21', '2009-12-29 03:01:21', '2009-12-29 03:01:21', '2009-12-29 03:01:21', NULL),
(39, 152, 6, 2, '2009-12-29 03:01:21', '2009-12-29 03:01:21', '2009-12-29 03:01:21', '2009-12-29 03:01:21', NULL),
(40, 16, 2, 0, '2009-12-29 03:01:21', '2009-12-29 03:01:21', '2009-12-29 03:01:21', '2009-12-29 03:01:21', NULL),
(41, 46, 4, 0, '2009-12-29 03:01:21', '2009-12-29 03:01:21', '2009-12-29 03:01:21', '2009-12-29 03:01:21', NULL),
(42, 107, 2, 3, '2009-12-29 03:01:21', '2009-12-29 03:01:21', '2009-12-29 03:01:21', '2009-12-29 03:01:21', NULL),
(43, 129, 1, 2, '2009-12-29 03:01:21', '2009-12-29 03:01:21', '2009-12-29 03:01:21', '2009-12-29 03:01:21', NULL),
(44, 177, 6, 4, '2009-12-29 03:01:21', '2009-12-29 03:01:21', '2009-12-29 03:01:21', '2009-12-29 03:01:21', NULL),
(45, 128, 5, 3, '2009-12-29 03:01:21', '2009-12-29 03:01:21', '2009-12-29 03:01:21', '2009-12-29 03:01:21', NULL),
(46, 180, 0, 1, '2009-12-29 03:01:21', '2009-12-29 03:01:21', '2009-12-29 03:01:21', '2009-12-29 03:01:21', NULL),
(47, 0, 5, 3, '2009-12-29 03:01:21', '2009-12-29 03:01:21', '2009-12-29 03:01:21', '2009-12-29 03:01:21', NULL),
(48, 141, 1, 0, '2009-12-29 03:01:21', '2009-12-29 03:01:21', '2009-12-29 03:01:21', '2009-12-29 03:01:21', NULL),
(49, 75, 5, 1, '2009-12-29 03:01:21', '2009-12-29 03:01:21', '2009-12-29 03:01:21', '2009-12-29 03:01:21', NULL),
(50, 13, 4, 2, '2009-12-29 03:01:21', '2009-12-29 03:01:21', '2009-12-29 03:01:21', '2009-12-29 03:01:21', NULL),
(51, 151, 6, 3, '2009-12-29 03:01:21', '2009-12-29 03:01:21', '2009-12-29 03:01:21', '2009-12-29 03:01:21', NULL),
(52, 150, 0, 2, '2009-12-29 03:01:21', '2009-12-29 03:01:21', '2009-12-29 03:01:21', '2009-12-29 03:01:21', NULL),
(53, 76, 2, 3, '2009-12-29 03:01:21', '2009-12-29 03:01:21', '2009-12-29 03:01:21', '2009-12-29 03:01:21', NULL),
(54, 40, 6, 3, '2009-12-29 03:01:21', '2009-12-29 03:01:21', '2009-12-29 03:01:21', '2009-12-29 03:01:21', NULL),
(55, 158, 5, 0, '2009-12-29 03:01:21', '2009-12-29 03:01:21', '2009-12-29 03:01:21', '2009-12-29 03:01:21', NULL),
(56, 75, 1, 0, '2009-12-29 03:01:21', '2009-12-29 03:01:21', '2009-12-29 03:01:21', '2009-12-29 03:01:21', NULL),
(57, 160, 4, 3, '2009-12-29 03:01:21', '2009-12-29 03:01:21', '2009-12-29 03:01:21', '2009-12-29 03:01:21', NULL),
(58, 91, 0, 3, '2009-12-29 03:01:21', '2009-12-29 03:01:21', '2009-12-29 03:01:21', '2009-12-29 03:01:21', NULL),
(59, 170, 2, 4, '2009-12-29 03:01:21', '2009-12-29 03:01:21', '2009-12-29 03:01:21', '2009-12-29 03:01:21', NULL),
(60, 84, 3, 3, '2009-12-29 03:01:21', '2009-12-29 03:01:21', '2009-12-29 03:01:21', '2009-12-29 03:01:21', NULL),
(61, 89, 3, 0, '2009-12-29 03:01:21', '2009-12-29 03:01:21', '2009-12-29 03:01:21', '2009-12-29 03:01:21', NULL),
(62, 5, 6, 3, '2009-12-29 03:01:21', '2009-12-29 03:01:21', '2009-12-29 03:01:21', '2009-12-29 03:01:21', NULL),
(63, 52, 4, 3, '2009-12-29 03:01:21', '2009-12-29 03:01:21', '2009-12-29 03:01:21', '2009-12-29 03:01:21', NULL),
(64, 34, 5, 0, '2009-12-29 03:01:21', '2009-12-29 03:01:21', '2009-12-29 03:01:21', '2009-12-29 03:01:21', NULL),
(65, 75, 2, 1, '2009-12-29 03:01:21', '2009-12-29 03:01:21', '2009-12-29 03:01:21', '2009-12-29 03:01:21', NULL),
(66, 173, 2, 2, '2009-12-29 03:01:21', '2009-12-29 03:01:21', '2009-12-29 03:01:21', '2009-12-29 03:01:21', NULL),
(67, 114, 5, 2, '2009-12-29 03:01:21', '2009-12-29 03:01:21', '2009-12-29 03:01:21', '2009-12-29 03:01:21', NULL),
(68, 118, 5, 2, '2009-12-29 03:01:21', '2009-12-29 03:01:21', '2009-12-29 03:01:21', '2009-12-29 03:01:21', NULL),
(69, 69, 0, 4, '2009-12-29 03:01:21', '2009-12-29 03:01:21', '2009-12-29 03:01:21', '2009-12-29 03:01:21', NULL),
(70, 110, 0, 0, '2009-12-29 03:01:21', '2009-12-29 03:01:21', '2009-12-29 03:01:21', '2009-12-29 03:01:21', NULL),
(71, 188, 6, 4, '2009-12-29 03:01:21', '2009-12-29 03:01:21', '2009-12-29 03:01:21', '2009-12-29 03:01:21', NULL),
(72, 160, 1, 2, '2009-12-29 03:01:21', '2009-12-29 03:01:21', '2009-12-29 03:01:21', '2009-12-29 03:01:21', NULL),
(73, 17, 0, 0, '2009-12-29 03:01:21', '2009-12-29 03:01:21', '2009-12-29 03:01:21', '2009-12-29 03:01:21', NULL),
(74, 16, 2, 3, '2009-12-29 03:01:21', '2009-12-29 03:01:21', '2009-12-29 03:01:21', '2009-12-29 03:01:21', NULL),
(75, 13, 4, 2, '2009-12-29 03:01:21', '2009-12-29 03:01:21', '2009-12-29 03:01:21', '2009-12-29 03:01:21', NULL),
(76, 82, 6, 3, '2009-12-29 03:01:21', '2009-12-29 03:01:21', '2009-12-29 03:01:21', '2009-12-29 03:01:21', NULL),
(77, 162, 1, 1, '2009-12-29 03:01:21', '2009-12-29 03:01:21', '2009-12-29 03:01:21', '2009-12-29 03:01:21', NULL),
(78, 102, 6, 4, '2009-12-29 03:01:21', '2009-12-29 03:01:21', '2009-12-29 03:01:21', '2009-12-29 03:01:21', NULL),
(79, 37, 1, 1, '2009-12-29 03:01:21', '2009-12-29 03:01:21', '2009-12-29 03:01:21', '2009-12-29 03:01:21', NULL),
(80, 79, 0, 2, '2009-12-29 03:01:21', '2009-12-29 03:01:21', '2009-12-29 03:01:21', '2009-12-29 03:01:21', NULL),
(81, 0, 0, 1, '2009-12-29 03:01:21', '2009-12-29 03:01:21', '2009-12-29 03:01:21', '2009-12-29 03:01:21', NULL),
(82, 129, 6, 0, '2009-12-29 03:01:21', '2009-12-29 03:01:21', '2009-12-29 03:01:21', '2009-12-29 03:01:21', NULL),
(83, 152, 5, 4, '2009-12-29 03:01:21', '2009-12-29 03:01:21', '2009-12-29 03:01:21', '2009-12-29 03:01:21', NULL),
(84, 130, 0, 0, '2009-12-29 03:01:21', '2009-12-29 03:01:21', '2009-12-29 03:01:21', '2009-12-29 03:01:21', NULL),
(85, 199, 5, 2, '2009-12-29 03:01:21', '2009-12-29 03:01:21', '2009-12-29 03:01:21', '2009-12-29 03:01:21', NULL),
(86, 181, 5, 4, '2009-12-29 03:01:21', '2009-12-29 03:01:21', '2009-12-29 03:01:21', '2009-12-29 03:01:21', NULL),
(87, 91, 0, 4, '2009-12-29 03:01:21', '2009-12-29 03:01:21', '2009-12-29 03:01:21', '2009-12-29 03:01:21', NULL),
(88, 151, 4, 3, '2009-12-29 03:01:21', '2009-12-29 03:01:21', '2009-12-29 03:01:21', '2009-12-29 03:01:21', NULL),
(89, 68, 4, 0, '2009-12-29 03:01:21', '2009-12-29 03:01:21', '2009-12-29 03:01:21', '2009-12-29 03:01:21', NULL),
(90, 139, 1, 3, '2009-12-29 03:01:21', '2009-12-29 03:01:21', '2009-12-29 03:01:21', '2009-12-29 03:01:21', NULL),
(91, 147, 2, 0, '2009-12-29 03:01:21', '2009-12-29 03:01:21', '2009-12-29 03:01:21', '2009-12-29 03:01:21', NULL),
(92, 150, 4, 3, '2009-12-29 03:01:21', '2009-12-29 03:01:21', '2009-12-29 03:01:21', '2009-12-29 03:01:21', NULL),
(93, 160, 6, 4, '2009-12-29 03:01:21', '2009-12-29 03:01:21', '2009-12-29 03:01:21', '2009-12-29 03:01:21', NULL),
(94, 25, 0, 1, '2009-12-29 03:01:21', '2009-12-29 03:01:21', '2009-12-29 03:01:21', '2009-12-29 03:01:21', NULL),
(95, 37, 2, 1, '2009-12-29 03:01:21', '2009-12-29 03:01:21', '2009-12-29 03:01:21', '2009-12-29 03:01:21', NULL),
(96, 84, 0, 4, '2009-12-29 03:01:21', '2009-12-29 03:01:21', '2009-12-29 03:01:21', '2009-12-29 03:01:21', NULL),
(97, 39, 6, 0, '2009-12-29 03:01:21', '2009-12-29 03:01:21', '2009-12-29 03:01:21', '2009-12-29 03:01:21', NULL),
(98, 116, 3, 2, '2009-12-29 03:01:21', '2009-12-29 03:01:21', '2009-12-29 03:01:21', '2009-12-29 03:01:21', NULL),
(99, 52, 5, 2, '2009-12-29 03:01:21', '2009-12-29 03:01:21', '2009-12-29 03:01:21', '2009-12-29 03:01:21', NULL),
(100, 124, 2, 2, '2009-12-29 03:01:21', '2009-12-29 03:01:21', '2009-12-29 03:01:21', '2009-12-29 03:01:21', NULL),
(101, 81, 6, 0, '2009-12-29 03:01:21', '2009-12-29 03:01:21', '2009-12-29 03:01:21', '2009-12-29 03:01:21', NULL),
(102, 37, 2, 2, '2009-12-29 03:01:21', '2009-12-29 03:01:21', '2009-12-29 03:01:21', '2009-12-29 03:01:21', NULL),
(103, 194, 1, 0, '2009-12-29 03:01:21', '2009-12-29 03:01:21', '2009-12-29 03:01:21', '2009-12-29 03:01:21', NULL),
(104, 38, 2, 4, '2009-12-29 03:01:21', '2009-12-29 03:01:21', '2009-12-29 03:01:21', '2009-12-29 03:01:21', NULL),
(105, 139, 5, 4, '2009-12-29 03:01:21', '2009-12-29 03:01:21', '2009-12-29 03:01:21', '2009-12-29 03:01:21', NULL),
(106, 25, 0, 1, '2009-12-29 03:01:21', '2009-12-29 03:01:21', '2009-12-29 03:01:21', '2009-12-29 03:01:21', NULL),
(107, 33, 5, 4, '2009-12-29 03:01:21', '2009-12-29 03:01:21', '2009-12-29 03:01:21', '2009-12-29 03:01:21', NULL),
(108, 186, 0, 2, '2009-12-29 03:01:21', '2009-12-29 03:01:21', '2009-12-29 03:01:21', '2009-12-29 03:01:21', NULL),
(109, 5, 4, 3, '2009-12-29 03:01:21', '2009-12-29 03:01:21', '2009-12-29 03:01:21', '2009-12-29 03:01:21', NULL),
(110, 194, 5, 0, '2009-12-29 03:01:21', '2009-12-29 03:01:21', '2009-12-29 03:01:21', '2009-12-29 03:01:21', NULL),
(111, 27, 2, 3, '2009-12-29 03:01:21', '2009-12-29 03:01:21', '2009-12-29 03:01:21', '2009-12-29 03:01:21', NULL),
(112, 150, 3, 3, '2009-12-29 03:01:21', '2009-12-29 03:01:21', '2009-12-29 03:01:21', '2009-12-29 03:01:21', NULL),
(113, 122, 3, 0, '2009-12-29 03:01:21', '2009-12-29 03:01:21', '2009-12-29 03:01:21', '2009-12-29 03:01:21', NULL),
(114, 179, 1, 3, '2009-12-29 03:01:21', '2009-12-29 03:01:21', '2009-12-29 03:01:21', '2009-12-29 03:01:21', NULL),
(115, 2, 0, 2, '2009-12-29 03:01:21', '2009-12-29 03:01:21', '2009-12-29 03:01:21', '2009-12-29 03:01:21', NULL),
(116, 93, 0, 2, '2009-12-29 03:01:21', '2009-12-29 03:01:21', '2009-12-29 03:01:21', '2009-12-29 03:01:21', NULL),
(117, 65, 6, 2, '2009-12-29 03:01:21', '2009-12-29 03:01:21', '2009-12-29 03:01:21', '2009-12-29 03:01:21', NULL),
(118, 20, 0, 1, '2009-12-29 03:01:21', '2009-12-29 03:01:21', '2009-12-29 03:01:21', '2009-12-29 03:01:21', NULL),
(119, 47, 5, 1, '2009-12-29 03:01:21', '2009-12-29 03:01:21', '2009-12-29 03:01:21', '2009-12-29 03:01:21', NULL),
(120, 119, 0, 3, '2009-12-29 03:01:21', '2009-12-29 03:01:21', '2009-12-29 03:01:21', '2009-12-29 03:01:21', NULL),
(121, 78, 1, 0, '2009-12-29 03:01:21', '2009-12-29 03:01:21', '2009-12-29 03:01:21', '2009-12-29 03:01:21', NULL),
(122, 22, 3, 1, '2009-12-29 03:01:21', '2009-12-29 03:01:21', '2009-12-29 03:01:21', '2009-12-29 03:01:21', NULL),
(123, 113, 5, 3, '2009-12-29 03:01:21', '2009-12-29 03:01:21', '2009-12-29 03:01:21', '2009-12-29 03:01:21', NULL),
(124, 160, 5, 2, '2009-12-29 03:01:21', '2009-12-29 03:01:21', '2009-12-29 03:01:21', '2009-12-29 03:01:21', NULL),
(125, 64, 1, 3, '2009-12-29 03:01:21', '2009-12-29 03:01:21', '2009-12-29 03:01:21', '2009-12-29 03:01:21', NULL),
(126, 0, 2, 2, '2009-12-29 03:01:21', '2009-12-29 03:01:21', '2009-12-29 03:01:21', '2009-12-29 03:01:21', NULL),
(127, 43, 1, 1, '2009-12-29 03:01:21', '2009-12-29 03:01:21', '2009-12-29 03:01:21', '2009-12-29 03:01:21', NULL),
(128, 125, 5, 2, '2009-12-29 03:01:21', '2009-12-29 03:01:21', '2009-12-29 03:01:21', '2009-12-29 03:01:21', NULL),
(129, 198, 0, 0, '2009-12-29 03:01:21', '2009-12-29 03:01:21', '2009-12-29 03:01:21', '2009-12-29 03:01:21', NULL),
(130, 139, 6, 4, '2009-12-29 03:01:21', '2009-12-29 03:01:21', '2009-12-29 03:01:21', '2009-12-29 03:01:21', NULL),
(131, 179, 4, 4, '2009-12-29 03:01:21', '2009-12-29 03:01:21', '2009-12-29 03:01:21', '2009-12-29 03:01:21', NULL),
(132, 32, 5, 0, '2009-12-29 03:01:21', '2009-12-29 03:01:21', '2009-12-29 03:01:21', '2009-12-29 03:01:21', NULL),
(133, 52, 3, 1, '2009-12-29 03:01:21', '2009-12-29 03:01:21', '2009-12-29 03:01:21', '2009-12-29 03:01:21', NULL),
(134, 178, 4, 1, '2009-12-29 03:01:21', '2009-12-29 03:01:21', '2009-12-29 03:01:21', '2009-12-29 03:01:21', NULL),
(135, 11, 6, 2, '2009-12-29 03:01:21', '2009-12-29 03:01:21', '2009-12-29 03:01:21', '2009-12-29 03:01:21', NULL),
(136, 90, 0, 3, '2009-12-29 03:01:21', '2009-12-29 03:01:21', '2009-12-29 03:01:21', '2009-12-29 03:01:21', NULL),
(137, 93, 5, 0, '2009-12-29 03:01:21', '2009-12-29 03:01:21', '2009-12-29 03:01:21', '2009-12-29 03:01:21', NULL),
(138, 96, 5, 4, '2009-12-29 03:01:21', '2009-12-29 03:01:21', '2009-12-29 03:01:21', '2009-12-29 03:01:21', NULL),
(139, 103, 4, 4, '2009-12-29 03:01:21', '2009-12-29 03:01:21', '2009-12-29 03:01:21', '2009-12-29 03:01:21', NULL),
(140, 2, 1, 3, '2009-12-29 03:01:21', '2009-12-29 03:01:21', '2009-12-29 03:01:21', '2009-12-29 03:01:21', NULL),
(141, 55, 1, 1, '2009-12-29 03:01:21', '2009-12-29 03:01:21', '2009-12-29 03:01:21', '2009-12-29 03:01:21', NULL),
(142, 86, 2, 3, '2009-12-29 03:01:21', '2009-12-29 03:01:21', '2009-12-29 03:01:21', '2009-12-29 03:01:21', NULL),
(143, 77, 3, 3, '2009-12-29 03:01:21', '2009-12-29 03:01:21', '2009-12-29 03:01:21', '2009-12-29 03:01:21', NULL),
(144, 52, 6, 4, '2009-12-29 03:01:21', '2009-12-29 03:01:21', '2009-12-29 03:01:21', '2009-12-29 03:01:21', NULL),
(145, 87, 1, 2, '2009-12-29 03:01:21', '2009-12-29 03:01:21', '2009-12-29 03:01:21', '2009-12-29 03:01:21', NULL),
(146, 75, 6, 3, '2009-12-29 03:01:21', '2009-12-29 03:01:21', '2009-12-29 03:01:21', '2009-12-29 03:01:21', NULL),
(147, 132, 0, 1, '2009-12-29 03:01:21', '2009-12-29 03:01:21', '2009-12-29 03:01:21', '2009-12-29 03:01:21', NULL),
(148, 185, 1, 2, '2009-12-29 03:01:21', '2009-12-29 03:01:21', '2009-12-29 03:01:21', '2009-12-29 03:01:21', NULL),
(149, 66, 6, 1, '2009-12-29 03:01:21', '2009-12-29 03:01:21', '2009-12-29 03:01:21', '2009-12-29 03:01:21', NULL),
(150, 146, 3, 0, '2009-12-29 03:01:21', '2009-12-29 03:01:21', '2009-12-29 03:01:21', '2009-12-29 03:01:21', NULL),
(151, 42, 1, 4, '2009-12-29 03:01:21', '2009-12-29 03:01:21', '2009-12-29 03:01:21', '2009-12-29 03:01:21', NULL),
(152, 55, 3, 3, '2009-12-29 03:01:21', '2009-12-29 03:01:21', '2009-12-29 03:01:21', '2009-12-29 03:01:21', NULL),
(153, 155, 3, 4, '2009-12-29 03:01:21', '2009-12-29 03:01:21', '2009-12-29 03:01:21', '2009-12-29 03:01:21', NULL),
(154, 125, 1, 3, '2009-12-29 03:01:21', '2009-12-29 03:01:21', '2009-12-29 03:01:21', '2009-12-29 03:01:21', NULL),
(155, 59, 0, 3, '2009-12-29 03:01:21', '2009-12-29 03:01:21', '2009-12-29 03:01:21', '2009-12-29 03:01:21', NULL),
(156, 118, 4, 3, '2009-12-29 03:01:21', '2009-12-29 03:01:21', '2009-12-29 03:01:21', '2009-12-29 03:01:21', NULL),
(157, 127, 2, 1, '2009-12-29 03:01:21', '2009-12-29 03:01:21', '2009-12-29 03:01:21', '2009-12-29 03:01:21', NULL),
(158, 123, 2, 4, '2009-12-29 03:01:21', '2009-12-29 03:01:21', '2009-12-29 03:01:21', '2009-12-29 03:01:21', NULL),
(159, 192, 6, 3, '2009-12-29 03:01:21', '2009-12-29 03:01:21', '2009-12-29 03:01:21', '2009-12-29 03:01:21', NULL),
(160, 55, 0, 1, '2009-12-29 03:01:21', '2009-12-29 03:01:21', '2009-12-29 03:01:21', '2009-12-29 03:01:21', NULL),
(161, 44, 2, 3, '2009-12-29 03:01:21', '2009-12-29 03:01:21', '2009-12-29 03:01:21', '2009-12-29 03:01:21', NULL),
(162, 196, 4, 3, '2009-12-29 03:01:21', '2009-12-29 03:01:21', '2009-12-29 03:01:21', '2009-12-29 03:01:21', NULL),
(163, 10, 1, 1, '2009-12-29 03:01:21', '2009-12-29 03:01:21', '2009-12-29 03:01:21', '2009-12-29 03:01:21', NULL),
(164, 148, 0, 4, '2009-12-29 03:01:21', '2009-12-29 03:01:21', '2009-12-29 03:01:21', '2009-12-29 03:01:21', NULL),
(165, 192, 5, 2, '2009-12-29 03:01:21', '2009-12-29 03:01:21', '2009-12-29 03:01:21', '2009-12-29 03:01:21', NULL),
(166, 198, 0, 3, '2009-12-29 03:01:21', '2009-12-29 03:01:21', '2009-12-29 03:01:21', '2009-12-29 03:01:21', NULL),
(167, 182, 0, 2, '2009-12-29 03:01:21', '2009-12-29 03:01:21', '2009-12-29 03:01:21', '2009-12-29 03:01:21', NULL),
(168, 187, 2, 0, '2009-12-29 03:01:21', '2009-12-29 03:01:21', '2009-12-29 03:01:21', '2009-12-29 03:01:21', NULL),
(169, 95, 4, 2, '2009-12-29 03:01:21', '2009-12-29 03:01:21', '2009-12-29 03:01:21', '2009-12-29 03:01:21', NULL),
(170, 3, 2, 1, '2009-12-29 03:01:21', '2009-12-29 03:01:21', '2009-12-29 03:01:21', '2009-12-29 03:01:21', NULL),
(171, 88, 3, 3, '2009-12-29 03:01:21', '2009-12-29 03:01:21', '2009-12-29 03:01:21', '2009-12-29 03:01:21', NULL),
(172, 29, 0, 1, '2009-12-29 03:01:21', '2009-12-29 03:01:21', '2009-12-29 03:01:21', '2009-12-29 03:01:21', NULL),
(173, 171, 3, 0, '2009-12-29 03:01:21', '2009-12-29 03:01:21', '2009-12-29 03:01:21', '2009-12-29 03:01:21', NULL),
(174, 58, 2, 3, '2009-12-29 03:01:21', '2009-12-29 03:01:21', '2009-12-29 03:01:21', '2009-12-29 03:01:21', NULL),
(175, 44, 0, 0, '2009-12-29 03:01:21', '2009-12-29 03:01:21', '2009-12-29 03:01:21', '2009-12-29 03:01:21', NULL),
(176, 121, 1, 4, '2009-12-29 03:01:21', '2009-12-29 03:01:21', '2009-12-29 03:01:21', '2009-12-29 03:01:21', NULL),
(177, 63, 6, 1, '2009-12-29 03:01:21', '2009-12-29 03:01:21', '2009-12-29 03:01:21', '2009-12-29 03:01:21', NULL),
(178, 148, 6, 1, '2009-12-29 03:01:21', '2009-12-29 03:01:21', '2009-12-29 03:01:21', '2009-12-29 03:01:21', NULL),
(179, 67, 3, 0, '2009-12-29 03:01:21', '2009-12-29 03:01:21', '2009-12-29 03:01:21', '2009-12-29 03:01:21', NULL),
(180, 176, 5, 1, '2009-12-29 03:01:21', '2009-12-29 03:01:21', '2009-12-29 03:01:21', '2009-12-29 03:01:21', NULL),
(181, 5, 5, 1, '2009-12-29 03:01:21', '2009-12-29 03:01:21', '2009-12-29 03:01:21', '2009-12-29 03:01:21', NULL),
(182, 111, 1, 0, '2009-12-29 03:01:21', '2009-12-29 03:01:21', '2009-12-29 03:01:21', '2009-12-29 03:01:21', NULL),
(183, 14, 3, 0, '2009-12-29 03:01:21', '2009-12-29 03:01:21', '2009-12-29 03:01:21', '2009-12-29 03:01:21', NULL),
(184, 84, 2, 2, '2009-12-29 03:01:21', '2009-12-29 03:01:21', '2009-12-29 03:01:21', '2009-12-29 03:01:21', NULL),
(185, 181, 0, 3, '2009-12-29 03:01:21', '2009-12-29 03:01:21', '2009-12-29 03:01:21', '2009-12-29 03:01:21', NULL),
(186, 42, 6, 0, '2009-12-29 03:01:21', '2009-12-29 03:01:21', '2009-12-29 03:01:21', '2009-12-29 03:01:21', NULL),
(187, 54, 5, 3, '2009-12-29 03:01:21', '2009-12-29 03:01:21', '2009-12-29 03:01:21', '2009-12-29 03:01:21', NULL),
(188, 171, 2, 0, '2009-12-29 03:01:21', '2009-12-29 03:01:21', '2009-12-29 03:01:21', '2009-12-29 03:01:21', NULL),
(189, 18, 1, 3, '2009-12-29 03:01:21', '2009-12-29 03:01:21', '2009-12-29 03:01:21', '2009-12-29 03:01:21', NULL),
(190, 126, 1, 3, '2009-12-29 03:01:21', '2009-12-29 03:01:21', '2009-12-29 03:01:21', '2009-12-29 03:01:21', NULL),
(191, 51, 3, 1, '2009-12-29 03:01:21', '2009-12-29 03:01:21', '2009-12-29 03:01:21', '2009-12-29 03:01:21', NULL),
(192, 146, 5, 3, '2009-12-29 03:01:21', '2009-12-29 03:01:21', '2009-12-29 03:01:21', '2009-12-29 03:01:21', NULL),
(193, 153, 0, 4, '2009-12-29 03:01:21', '2009-12-29 03:01:21', '2009-12-29 03:01:21', '2009-12-29 03:01:21', NULL),
(194, 4, 6, 0, '2009-12-29 03:01:21', '2009-12-29 03:01:21', '2009-12-29 03:01:21', '2009-12-29 03:01:21', NULL),
(195, 138, 5, 4, '2009-12-29 03:01:21', '2009-12-29 03:01:21', '2009-12-29 03:01:21', '2009-12-29 03:01:21', NULL),
(196, 71, 3, 2, '2009-12-29 03:01:21', '2009-12-29 03:01:21', '2009-12-29 03:01:21', '2009-12-29 03:01:21', NULL),
(197, 133, 6, 1, '2009-12-29 03:01:21', '2009-12-29 03:01:21', '2009-12-29 03:01:21', '2009-12-29 03:01:21', NULL),
(198, 81, 0, 0, '2009-12-29 03:01:21', '2009-12-29 03:01:21', '2009-12-29 03:01:21', '2009-12-29 03:01:21', NULL),
(199, 62, 6, 4, '2009-12-29 03:01:21', '2009-12-29 03:01:21', '2009-12-29 03:01:21', '2009-12-29 03:01:21', NULL),
(200, 62, 6, 4, '2009-12-29 03:01:21', '2009-12-29 03:01:21', '2009-12-29 03:01:21', '2009-12-29 03:01:21', NULL);

-- --------------------------------------------------------

--
-- Table structure for table `order_status`
--

CREATE TABLE `order_status` (
  `id` int NOT NULL,
  `name` varchar(10) COLLATE utf8mb4_unicode_ci NOT NULL
) ENGINE=InnoDB DEFAULT CHARSET=utf8mb4 COLLATE=utf8mb4_unicode_ci;

--
-- Dumping data for table `order_status`
--

INSERT INTO `order_status` (`id`, `name`) VALUES
(2, 'Approved'),
(4, 'Delivered'),
(1, 'Pending'),
(5, 'Returned'),
(3, 'Shipped');

-- --------------------------------------------------------

--
-- Table structure for table `product`
--

CREATE TABLE `product` (
  `id` int NOT NULL,
  `subcategory_id` int NOT NULL,
  `name` varchar(100) COLLATE utf8mb4_unicode_ci NOT NULL,
  `sku` varchar(50) COLLATE utf8mb4_unicode_ci NOT NULL,
  `price` double NOT NULL
) ENGINE=InnoDB DEFAULT CHARSET=utf8mb4 COLLATE=utf8mb4_unicode_ci;

--
-- Dumping data for table `product`
--

INSERT INTO `product` (`id`, `subcategory_id`, `name`, `sku`, `price`) VALUES
(23, 2, 'Product1', 'SKU131', 8246),
(24, 10, 'Product2', 'SKU158', 6160),
(25, 4, 'Product3', 'SKU187', 6503),
(26, 6, 'Product4', 'SKU112', 8708),
(27, 5, 'Product5', 'SKU119', 897),
(28, 3, 'Product6', 'SKU160', 7399),
(29, 7, 'Product7', 'SKU145', 216),
(30, 7, 'Product8', 'SKU193', 3756),
(31, 5, 'Product9', 'SKU134', 3471),
(32, 1, 'Product10', 'SKU109', 495),
(33, 8, 'Product11', 'SKU133', 7878),
(34, 5, 'Product12', 'SKU104', 2558),
(35, 7, 'Product13', 'SKU139', 5195),
(36, 8, 'Product14', 'SKU165', 8483),
(37, 3, 'Product15', 'SKU173', 8879),
(38, 6, 'Product16', 'SKU147', 3569),
(39, 9, 'Product17', 'SKU180', 3339),
(40, 3, 'Product18', 'SKU127', 5138),
(41, 6, 'Product19', 'SKU180', 115),
(42, 1, 'Product20', 'SKU159', 6998),
(43, 2, 'Product21', 'SKU111', 9449),
(44, 1, 'Product22', 'SKU119', 2302),
(45, 5, 'Product23', 'SKU143', 5582),
(46, 6, 'Product24', 'SKU107', 6779),
(47, 5, 'Product25', 'SKU150', 3863),
(48, 10, 'Product26', 'SKU193', 3763),
(49, 7, 'Product27', 'SKU199', 6872),
(50, 10, 'Product28', 'SKU186', 4039),
(51, 7, 'Product29', 'SKU156', 354),
(52, 2, 'Product30', 'SKU114', 8787),
(53, 10, 'Product31', 'SKU112', 3675),
(54, 5, 'Product32', 'SKU172', 1307),
(55, 5, 'Product33', 'SKU141', 4080),
(56, 9, 'Product34', 'SKU176', 2243),
(57, 4, 'Product35', 'SKU165', 1082),
(58, 1, 'Product36', 'SKU195', 1460),
(59, 10, 'Product37', 'SKU143', 7314),
(60, 3, 'Product38', 'SKU154', 4263),
(61, 8, 'Product39', 'SKU106', 4859),
(62, 6, 'Product40', 'SKU200', 829),
(63, 6, 'Product41', 'SKU158', 5701),
(64, 8, 'Product42', 'SKU125', 3474),
(65, 5, 'Product43', 'SKU140', 5465),
(66, 9, 'Product44', 'SKU184', 1374),
(67, 10, 'Product45', 'SKU171', 4811),
(68, 6, 'Product46', 'SKU112', 6659),
(69, 8, 'Product47', 'SKU133', 3523),
(70, 4, 'Product48', 'SKU157', 5723),
(71, 4, 'Product49', 'SKU127', 9656),
(72, 5, 'Product50', 'SKU130', 8860),
(73, 5, 'Product50', 'SKU130', 8860);

-- --------------------------------------------------------

--
-- Table structure for table `sub_category`
--

CREATE TABLE `sub_category` (
  `id` int NOT NULL,
  `category_id` int NOT NULL,
  `name` varchar(200) COLLATE utf8mb4_unicode_ci NOT NULL
) ENGINE=InnoDB DEFAULT CHARSET=utf8mb4 COLLATE=utf8mb4_unicode_ci;

--
-- Dumping data for table `sub_category`
--

INSERT INTO `sub_category` (`id`, `category_id`, `name`) VALUES
(1, 2, 'SubCategory1'),
(2, 3, 'SubCategory2'),
(3, 3, 'SubCategory3'),
(4, 2, 'SubCategory4'),
(5, 3, 'SubCategory5'),
(6, 2, 'SubCategory6'),
(7, 1, 'SubCategory7'),
(8, 3, 'SubCategory8'),
(9, 3, 'SubCategory9'),
(10, 1, 'SubCategory10'),
(11, 1, 'SubCategory10');

--
-- Indexes for dumped tables
--

--
-- Indexes for table `area`
--
ALTER TABLE `area`
  ADD PRIMARY KEY (`id`),
  ADD UNIQUE KEY `name` (`name`);

--
-- Indexes for table `category`
--
ALTER TABLE `category`
  ADD PRIMARY KEY (`id`),
  ADD UNIQUE KEY `name` (`name`);

--
-- Indexes for table `customer`
--
ALTER TABLE `customer`
  ADD PRIMARY KEY (`id`),
  ADD KEY `area_id` (`area_id`);

--
-- Indexes for table `orders`
--
ALTER TABLE `orders`
  ADD PRIMARY KEY (`id`),
  ADD KEY `product_id` (`product_id`),
  ADD KEY `cust_id` (`cust_id`);

--
-- Indexes for table `order_detail`
--
ALTER TABLE `order_detail`
  ADD PRIMARY KEY (`id`),
  ADD KEY `order_id` (`order_id`),
  ADD KEY `status_id` (`status_id`),
  ADD KEY `area_id` (`area_id`);

--
-- Indexes for table `order_status`
--
ALTER TABLE `order_status`
  ADD PRIMARY KEY (`id`),
  ADD UNIQUE KEY `name` (`name`);

--
-- Indexes for table `product`
--
ALTER TABLE `product`
  ADD PRIMARY KEY (`id`),
  ADD KEY `subcategory_id` (`subcategory_id`);

--
-- Indexes for table `sub_category`
--
ALTER TABLE `sub_category`
  ADD PRIMARY KEY (`id`),
  ADD KEY `category_id` (`category_id`);

--
-- AUTO_INCREMENT for dumped tables
--

--
-- AUTO_INCREMENT for table `area`
--
ALTER TABLE `area`
  MODIFY `id` int NOT NULL AUTO_INCREMENT, AUTO_INCREMENT=8;

--
-- AUTO_INCREMENT for table `category`
--
ALTER TABLE `category`
  MODIFY `id` int NOT NULL AUTO_INCREMENT, AUTO_INCREMENT=6;

--
-- AUTO_INCREMENT for table `customer`
--
ALTER TABLE `customer`
  MODIFY `id` int NOT NULL AUTO_INCREMENT, AUTO_INCREMENT=19;

--
-- AUTO_INCREMENT for table `orders`
--
ALTER TABLE `orders`
  MODIFY `id` int NOT NULL AUTO_INCREMENT, AUTO_INCREMENT=808;

--
-- AUTO_INCREMENT for table `order_detail`
--
ALTER TABLE `order_detail`
  MODIFY `id` int NOT NULL AUTO_INCREMENT, AUTO_INCREMENT=201;

--
-- AUTO_INCREMENT for table `order_status`
--
ALTER TABLE `order_status`
  MODIFY `id` int NOT NULL AUTO_INCREMENT, AUTO_INCREMENT=6;

--
-- AUTO_INCREMENT for table `product`
--
ALTER TABLE `product`
  MODIFY `id` int NOT NULL AUTO_INCREMENT, AUTO_INCREMENT=74;

--
-- AUTO_INCREMENT for table `sub_category`
--
ALTER TABLE `sub_category`
  MODIFY `id` int NOT NULL AUTO_INCREMENT, AUTO_INCREMENT=12;

--
-- Constraints for dumped tables
--

--
-- Constraints for table `customer`
--
ALTER TABLE `customer`
  ADD CONSTRAINT `customer_ibfk_1` FOREIGN KEY (`area_id`) REFERENCES `area` (`id`);

--
-- Constraints for table `orders`
--
ALTER TABLE `orders`
  ADD CONSTRAINT `orders_ibfk_1` FOREIGN KEY (`product_id`) REFERENCES `product` (`id`),
  ADD CONSTRAINT `orders_ibfk_2` FOREIGN KEY (`cust_id`) REFERENCES `customer` (`id`);

--
-- Constraints for table `order_detail`
--
ALTER TABLE `order_detail`
  ADD CONSTRAINT `order_detail_ibfk_1` FOREIGN KEY (`order_id`) REFERENCES `orders` (`id`),
  ADD CONSTRAINT `order_detail_ibfk_2` FOREIGN KEY (`status_id`) REFERENCES `order_status` (`id`),
  ADD CONSTRAINT `order_detail_ibfk_3` FOREIGN KEY (`area_id`) REFERENCES `area` (`id`);

--
-- Constraints for table `product`
--
ALTER TABLE `product`
  ADD CONSTRAINT `product_ibfk_1` FOREIGN KEY (`subcategory_id`) REFERENCES `sub_category` (`id`);

--
-- Constraints for table `sub_category`
--
ALTER TABLE `sub_category`
  ADD CONSTRAINT `sub_category_ibfk_1` FOREIGN KEY (`category_id`) REFERENCES `category` (`id`);
COMMIT;

/*!40101 SET CHARACTER_SET_CLIENT=@OLD_CHARACTER_SET_CLIENT */;
/*!40101 SET CHARACTER_SET_RESULTS=@OLD_CHARACTER_SET_RESULTS */;
/*!40101 SET COLLATION_CONNECTION=@OLD_COLLATION_CONNECTION */;
